{"cameraMode":{"drawMode":0,"name":"Shaded","section":"Shading Mode"},"sceneLighting":false,"audioPlay":false,"sceneViewState":{"showFog":true,"showMaterialUpdate":false,"showSkybox":false,"showFlares":true,"showImageEffects":true,"showParticleSystems":true},"in2DMode":false,"pivot":{"x":-0.01251065731048584,"y":1.5431177616119385,"z":0.008369684219360352},"rotation":{"x":0.1652546226978302,"y":-0.38894951343536379,"z":0.07113508135080338,"w":0.903529703617096},"size":1.1765230894088746,"orthographic":false}