{"cameraMode":{"drawMode":0,"name":"Shaded","section":"Shading Mode"},"sceneLighting":false,"audioPlay":false,"sceneViewState":{"showFog":true,"showMaterialUpdate":false,"showSkybox":false,"showFlares":true,"showImageEffects":true,"showParticleSystems":true},"in2DMode":false,"pivot":{"x":-12.465605735778809,"y":0.6741477847099304,"z":-0.15130989253520966},"rotation":{"x":0.09512536972761154,"y":-0.7605829238891602,"z":0.11448057740926743,"w":0.6319617629051209},"size":1.6235945224761963,"orthographic":false}