{"cameraMode":{"drawMode":0,"name":"Shaded","section":"Shading Mode"},"sceneLighting":false,"audioPlay":false,"sceneViewState":{"showFog":true,"showMaterialUpdate":false,"showSkybox":false,"showFlares":true,"showImageEffects":true,"showParticleSystems":true},"in2DMode":false,"pivot":{"x":-12.29261589050293,"y":0.7603922486305237,"z":-0.7408986687660217},"rotation":{"x":0.09164615720510483,"y":-0.7921527624130249,"z":0.12288060039281845,"w":0.5907723903656006},"size":1.023594617843628,"orthographic":false}