{"cameraMode":{"drawMode":0,"name":"Shaded","section":"Shading Mode"},"sceneLighting":false,"audioPlay":false,"sceneViewState":{"showFog":true,"showMaterialUpdate":false,"showSkybox":false,"showFlares":true,"showImageEffects":true,"showParticleSystems":true},"in2DMode":false,"pivot":{"x":-13.208683013916016,"y":0.3579573631286621,"z":-0.1757909208536148},"rotation":{"x":0.08849454671144486,"y":-0.7091712951660156,"z":0.09047599136829376,"w":0.6935959458351135},"size":1.3372633457183838,"orthographic":false}