{"cameraMode":{"drawMode":0,"name":"Shaded","section":"Shading Mode"},"sceneLighting":false,"audioPlay":false,"sceneViewState":{"showFog":true,"showMaterialUpdate":false,"showSkybox":false,"showFlares":true,"showImageEffects":true,"showParticleSystems":true},"in2DMode":false,"pivot":{"x":-12.961929321289063,"y":0.3129746913909912,"z":-0.2808718681335449},"rotation":{"x":0.1924276202917099,"y":-0.7426303029060364,"z":0.24025964736938477,"w":0.594779908657074},"size":2.2372632026672365,"orthographic":false}