{"cameraMode":{"drawMode":0,"name":"Shaded","section":"Shading Mode"},"sceneLighting":false,"audioPlay":false,"sceneViewState":{"showFog":true,"showMaterialUpdate":false,"showSkybox":false,"showFlares":true,"showImageEffects":true,"showParticleSystems":true},"in2DMode":false,"pivot":{"x":-0.34973567724227908,"y":-1.1125788688659669,"z":10.419942855834961},"rotation":{"x":0.0663275197148323,"y":-0.9325580596923828,"z":0.22613564133644105,"w":0.2735161781311035},"size":0.6256574988365173,"orthographic":false}