{"cameraMode":{"drawMode":0,"name":"Shaded","section":"Shading Mode"},"sceneLighting":false,"audioPlay":false,"sceneViewState":{"showFog":true,"showMaterialUpdate":false,"showSkybox":false,"showFlares":true,"showImageEffects":true,"showParticleSystems":true},"in2DMode":false,"pivot":{"x":-12.345807075500489,"y":0.19537809491157533,"z":-0.017886430025100709},"rotation":{"x":0.11566916853189469,"y":-0.7653059959411621,"z":0.14353276789188386,"w":0.6167185306549072},"size":0.50937819480896,"orthographic":false}