{"cameraMode":{"drawMode":0,"name":"Shaded","section":"Shading Mode"},"sceneLighting":false,"audioPlay":false,"sceneViewState":{"showFog":true,"showMaterialUpdate":false,"showSkybox":false,"showFlares":true,"showImageEffects":true,"showParticleSystems":true},"in2DMode":false,"pivot":{"x":-7.524985313415527,"y":1.043117880821228,"z":-4.991630554199219},"rotation":{"x":0.25290027260780337,"y":-0.20701849460601808,"z":0.055490776896476749,"w":0.943462610244751},"size":1.1844402551651,"orthographic":false}