{"cameraMode":{"drawMode":0,"name":"Shaded","section":"Shading Mode"},"sceneLighting":true,"audioPlay":false,"sceneViewState":{"showFog":true,"showMaterialUpdate":false,"showSkybox":true,"showFlares":true,"showImageEffects":true,"showParticleSystems":true},"in2DMode":false,"pivot":{"x":2.1727287769317629,"y":-9.374639511108399,"z":-3.033078670501709},"rotation":{"x":0.6255022883415222,"y":-0.014040248468518258,"z":0.011262918822467327,"w":0.7800257802009583},"size":15.851243019104004,"orthographic":false}