{"cameraMode":{"drawMode":0,"name":"Shaded","section":"Shading Mode"},"sceneLighting":false,"audioPlay":false,"sceneViewState":{"showFog":true,"showMaterialUpdate":false,"showSkybox":false,"showFlares":true,"showImageEffects":true,"showParticleSystems":true},"in2DMode":false,"pivot":{"x":0.10969561338424683,"y":-0.08777278661727905,"z":-0.06982064247131348},"rotation":{"x":0.2321302443742752,"y":0.19823728501796723,"z":-0.04838920757174492,"w":0.9510483741760254},"size":0.7507888078689575,"orthographic":false}