{"cameraMode":{"drawMode":0,"name":"Shaded","section":"Shading Mode"},"sceneLighting":false,"audioPlay":false,"sceneViewState":{"showFog":true,"showMaterialUpdate":false,"showSkybox":false,"showFlares":true,"showImageEffects":true,"showParticleSystems":true},"in2DMode":false,"pivot":{"x":-7.512510776519775,"y":1.043117880821228,"z":-4.991630554199219},"rotation":{"x":0.1652546226978302,"y":-0.38894951343536379,"z":0.07113508135080338,"w":0.903529703617096},"size":1.176523208618164,"orthographic":false}