{"cameraMode":{"drawMode":0,"name":"Shaded","section":"Shading Mode"},"sceneLighting":false,"audioPlay":false,"sceneViewState":{"showFog":true,"showMaterialUpdate":false,"showSkybox":false,"showFlares":true,"showImageEffects":true,"showParticleSystems":true},"in2DMode":false,"pivot":{"x":-12.453227043151856,"y":0.25455164909362795,"z":-0.08859145641326904},"rotation":{"x":0.1942230761051178,"y":0.5976055860519409,"z":-0.15215559303760529,"w":0.7628989219665527},"size":1.2016977071762086,"orthographic":false}