{"cameraMode":{"drawMode":0,"name":"Shaded","section":"Shading Mode"},"sceneLighting":false,"audioPlay":false,"sceneViewState":{"showFog":true,"showMaterialUpdate":false,"showSkybox":false,"showFlares":true,"showImageEffects":true,"showParticleSystems":true},"in2DMode":false,"pivot":{"x":-12.5,"y":0.6545730829238892,"z":0.21479016542434693},"rotation":{"x":0.09164615720510483,"y":-0.7921527624130249,"z":0.12288060039281845,"w":0.5907723903656006},"size":1.212685227394104,"orthographic":false}