{"cameraMode":{"drawMode":0,"name":"Shaded","section":"Shading Mode"},"sceneLighting":false,"audioPlay":false,"sceneViewState":{"showFog":true,"showMaterialUpdate":false,"showSkybox":false,"showFlares":true,"showImageEffects":true,"showParticleSystems":true},"in2DMode":false,"pivot":{"x":-8.086649894714356,"y":0.5033901333808899,"z":-4.147190570831299},"rotation":{"x":0.15488818287849427,"y":0.66310054063797,"z":-0.14300085604190827,"w":0.7182448506355286},"size":0.4271456003189087,"orthographic":false}